,Job_title,Company,Location,Salary,Date_of_post,Today_date,Summary,Job_URL
0,Data Scientist/Machine Learning Engineer,Consultoria en TI,Desde casa,"$55,000 - $62,000 al mes",10,2020-11-22,"Experienced with data wrangling (data cleaning, feature selection, data imputation). Experience designing machine learning pipelines (data processing, model…",https://mx.indeed.com/company/Consultoria-en-TI/jobs/Data-scientist-machine-learning-engineer-dac86fbf5b3db8eb?fccid=84b1035ca3de3bf5&vjs=3
1,Data Scientist,BEST PRACTICES CONSULTING SA DE CV,"Querétaro, Qro.","$25,000 al mes",19,2020-11-22,"Diseño de arquitecturas, planes de implementación, mejores prácticas, y pruebas con muchos terabytes de datos, lo cual es la base para analíticos avanzados y…",https://mx.indeed.com/pagead/clk?mo=r&ad=-6NYlbfkN0CdDVfSISMEDokkUj2DApb0WKZBNw8lc7XWVLhF-vd1oPdxLMPyzLo1Vb1qz0sfMo9O1X8whpcnZW74ysgYrDppG9cjhJj8GmF_mRzGbq0RhWxk9mf22MsWE7EK2SYcd9ZZqdPGJPlg0QhL8CX_NCVY68ti6jt3Py7TCnlYfEEznZ9WQS_Tz3zVaKSh1KxflGvDlCCROm0FIHCcBl2ka4k4KQOu01Xdkx6QUVb1NhY5uSqzabrRAQ5WLSq4EMRkFSOcN_GZncejmyRFqiBHjJZJYNHLKvGTPnV4oqARouXIpr8yyw2Sy7MJRkpzrfeHeR0ON5sjsgie5-SsyckWv3qUzWvx69GBoW1Adql0lZ6Yg5s1FsDHftRiDs5rN7fh0UDfQKOx3BPjBKN2QbpvUQHpH7LLGdL4LESR3KO2RZPqWk5Bap2YCZ2OjBy1BJN3P2Y=&p=1&fvj=1&vjs=3
2,Data Scientist,Toshiba Global Commerce Solutions,"Colonia Lomas de Chapultepec, CDMX","$30,000 - $40,000 al mes",18,2020-11-22,"Defines company data assets (data models) to populate data models. Experiments against data points, provide information based on experiment results and provide…","https://mx.indeed.com/company/Toshiba-Global-Commerce-Solutions,-Inc./jobs/Data-scientist-fd229fcb5821f424?fccid=3221a0a36b40fb9f&vjs=3"
3,Data Scientist (Experiencia en Mkt. Digital),Kontrabando,"Colonia Polanco, CDMX",None,2,2020-11-22,"Ability to easily articulate the value proposition and business case for enterprise data and analytics solutions, including supporting value-add sales.",https://mx.indeed.com/rc/clk?jk=8daa285b2cdfe1d6&fccid=a9c04414ecadbfcd&vjs=3
4,Data Scientist,Unilever,"Colonia Bosques de las Lomas, CDMX",None,+30,2020-11-22,"Experiencia mínima de 1 año como Data Scientist o afín. Egresado de Ingeniera en sistemas, Ingeniería en computación, Matemáticas aplicadas, Actuaría o afín.",https://mx.indeed.com/rc/clk?jk=01cd43eb2b84de0a&fccid=37e886222e0cbb3a&vjs=3
5,Data-Scientist.,Dresden Partners,"Cuauhtémoc, CDMX",None,+30,2020-11-22,"Expertos en web technology, UX / UI, mobile and software development, con servicios near-shore staffing, tech international y local tech sourcing specialized.",https://mx.indeed.com/rc/clk?jk=83d30835ccf7c0fa&fccid=a18556cab0e225ce&vjs=3
6,Data and Applied Scientist,Microsoft,Ciudad de México,None,25,2020-11-22,"Design, build and operate the entire ML cycle from data collection, model design, training, validation, deployment and AB test in production.",https://mx.indeed.com/rc/clk?jk=c76a9b0c10cfa826&fccid=734cb5a01ee60f80&vjs=3
7,Data Scientist - Data Mining (exp. Retail),Bed Bath & Beyond Mexico,"Naucalpan, Méx.",None,+30,2020-11-22,-- Creating models to pull valuable insights from data --- Academic background that includes the fundamentals of data science.,https://mx.indeed.com/company/Bed-Bath-&-Beyond/jobs/Data-scientist-86684107c91cbfc7?fccid=c15e7ff826ab4ec1&vjs=3
8,Data Scientist,iProcess Solutions Inc,Ciudad de México,"$2,500 - $3,000 al mes",16,2020-11-22,"Proficiency in data, data visualization and reporting in digital marketing domain. Should be able to handle large amounts of data. 5+ years in related field.",https://mx.indeed.com/company/iProcess-Solutions-Inc/jobs/Data-scientist-b8739fcd0533b6f5?fccid=6459d45b9b280b1a&vjs=3
9,Data Scientist,Corporativo Grupo Salinas,"Tlalpan, CDMX",None,+30,2020-11-22,"Lic. Actuaria, Matemáticas, Ingeniería, Actuaría o afín. 3 años de experiencia en posición similar. Conocimiento de lenguajes de programación: Python, R.",https://mx.indeed.com/rc/clk?jk=637ca5803988bb12&fccid=942c4ec626ccb63b&vjs=3
10,Data Engineer,Konfio,"Colonia Polanco, CDMX",None,3,2020-11-22,"The Data Engineer will support our software developers, database architects, data analysts and data scientists on data initiatives and will ensure optimal data…",https://mx.indeed.com/rc/clk?jk=d4a861ac9938ed4f&fccid=026893d6a31257b7&vjs=3
11,Data Scientist,Adext,Ciudad de México,None,+30,2020-11-22,Ability to co-develop and provide technical guidance to data scientists on the choice of machine learning approaches. Knowledge of ML (reinforcement learning).,https://mx.indeed.com/rc/clk?jk=4290bd42e73340fa&fccid=2b33a8cec62968a1&vjs=3
12,"Principal, Applied Math & Statistics Data Scientist",AT&T,"Azcapotzalco, CDMX",None,+30,2020-11-22,"Write and run data extraction algorithms to acquire data from primary or secondary data sources, with the ability to describe and direct data requests for…",https://mx.indeed.com/company/AT&T/jobs/Principal-5a929b1e480a4967?fccid=25b5166547bbf543&vjs=3
13,DATA Scientist - Científico de datos recién egresado,AZKA IT Consulting,"Cuajimalpa, CDMX",None,+30,2020-11-22,"AZKA IT consulting empresa 100% mexicana, dedicada a brindar consultoría especializada en sistemas, desarrollo de soluciones tecnológicas, integración y…",https://mx.indeed.com/rc/clk?jk=5d4c666c2a8a058a&fccid=94f3cd94adaecc73&vjs=3
14,DATA Scientist - Científico de datos experiencia de un año,AZKA IT Consulting,"Cuajimalpa, CDMX",None,+30,2020-11-22,"AZKA IT consulting empresa 100% mexicana, dedicada a brindar consultoría especializada en sistemas, desarrollo de soluciones tecnológicas, integración y…",https://mx.indeed.com/rc/clk?jk=2948ef7416951c0f&fccid=94f3cd94adaecc73&vjs=3
15,Data Science Manager,Teleperformance,"Coyoacán, CDMX","$50,000 - $55,000 al mes",13,2020-11-22,Develop and evolve applications of advanced analytics and predictive modeling by incessantly bringing external best practices and trends into an existing team…,https://mx.indeed.com/company/Teleperformance/jobs/Data-science-manager-1e8683aead11fe83?fccid=02e72612c7c0d1ce&vjs=3
16,Data Scientist con conocimiento en python,"APLICACIONES INTEGRALES EN TI, S.A. DE C.V.","Miguel Hidalgo, CDMX",None,+30,2020-11-22,"Implementación de modelos analíticos avanzados (machine learning, deep learning, etc) en python, R o pyspark. Elaboración de queries optimizados para extracción…",https://mx.indeed.com/rc/clk?jk=c36ffd23be053f82&fccid=7659333f9dc8af4c&vjs=3
17,Data Scientist - Machine Learning Engineer,"Verato, Inc.","Mérida, Yuc.",None,23,2020-11-22,"To do so they apply Big Data, data mining, statistical analysis, and machine learning techniques to our Reference Database, as well as to any new data sources…",https://mx.indeed.com/rc/clk?jk=2b99eaec2d47d7ac&fccid=c0a688beb8a7cf69&vjs=3
18,Senior Data Scientist,Kueski,Desde casa,None,+30,2020-11-22,Mentoring data scientists Jr. (if any) through the support they can give to your projects. The data scientist is responsible for proposing and leading machine…,https://mx.indeed.com/rc/clk?jk=10669096971377c3&fccid=69404b4fd1d4bb12&vjs=3
19,DATA SCIENTIST,Bumeran,"Venustiano Carranza, CDMX",None,+30,2020-11-22,"Trabajo en laboratorios de exploración (data discovery). Empresa Lider en el mercado. Escolaridad: Lic. en Matemáticas, Datos, Ingeniería o carrera afín.",https://mx.indeed.com/rc/clk?jk=2ac6f8d28a27a8bc&fccid=f4ce47cf6f6f15f3&vjs=3
20,Engineer,Aspen Technology,Ciudad de México,None,1 día,2020-11-22,"The driving force behind our success has always been the people of AspenTech. What drives us, is our aspiration, our desire and ambition to keep pushing the…",https://mx.indeed.com/rc/clk?jk=8874ae4885918d04&fccid=b3fc015a7c99e39b&vjs=3
21,Big Data Engineer,Segundamano,"Cuauhtémoc, CDMX",None,18,2020-11-22,Collaborate with stakeholders to ensure availability of data sources and data tools. Do you know what is big data? Do you know what is the internet of things?,https://mx.indeed.com/rc/clk?jk=0b5f57c18256c427&fccid=58000ab63795c5f4&vjs=3
22,Data Scientist,Totum Talent,"Monterrey, N. L.",None,+30,2020-11-22,"Build data visualizations and gather insights from data. Experience with data visualization platforms like matplotlib, seaborn, plotly.",https://mx.indeed.com/rc/clk?jk=2eb6aae96a5e36e8&fccid=96ae6eeb8af402c0&vjs=3
23,Data Scientist - Hadoop,Reclu it,"Coyoacán, CDMX","$50,000 - $55,000 al mes",19,2020-11-22,"Empresa Líder en Tecnologías de la Información con con presencia en México, está en la búsqueda de talento TI como: Hadoop, Hive, Impala, Pig, Sqoop, Oozie.",https://mx.indeed.com/company/ECOSISTEMAS-MEXICO/jobs/Data-scientist-ed06c09187d70af9?fccid=a0aa88c5f340eb82&vjs=3
24,Actuarial Data Scientist,Sofía,"Colonia Roma, CDMX",None,+30,2020-11-22,"En Sofía queremos cambiar la manera en que millones de personas cuidan su salud. Somos un grupo de doctores, matemáticos, ingenieros, diseñadores y creativos…",https://mx.indeed.com/rc/clk?jk=cec3f852cb8afa3b&fccid=8671df700ac9761b&vjs=3
25,Data Scientist,HP,"Guadalajara, Jal.",None,+30,2020-11-22,"Collaborates with peers, junior engineers, data scientists and project team. Fluent in structured and unstructured data and modern data transformation…",https://mx.indeed.com/rc/clk?jk=96fab074552f24f4&fccid=1b866506aec22461&vjs=3
26,Data Engineer Intern,Kueski,"Guadalajara, Jal.",None,3,2020-11-22,"To transport data reliably across all our systems and users for analytical purposes. No matter the size, format and speed of data you will learn to tackle it.",https://mx.indeed.com/rc/clk?jk=3f25bf6dfe7fabdf&fccid=69404b4fd1d4bb12&vjs=3
27,Data Analyst - Growth,PayClip,Ciudad de México,None,3,2020-11-22,"Proficient at collecting and mining data from disparate data sources, and willing to dig deeper and understand the process that creates the data.",https://mx.indeed.com/rc/clk?jk=ba4d1ea13c791654&fccid=04d95284448d6f87&vjs=3
28,Data Scientist/Predictive Sales,HP,"Guadalajara, Jal.",None,+30,2020-11-22,You are passionate about unveiling answers to most difficult questions using data and models. At least 3 years’ working experience in data science using…,https://mx.indeed.com/pagead/clk?mo=r&ad=-6NYlbfkN0C4JTuWysBZGWr3ScYyn1q3GP1Wt9Y6KOMkEf9pRAXJOW5S2l207R6JT_dM5z7G6dqJL9NDjIhO_1EL66-4Ue13jmsi0CpfSxaMuafUZrx15QGGX--YRhzNo_SH3RLULaXr2XUrFBspoSQLib8AII7gV3_GnvhBruhgPv5Hy352VJcDl99_-mqWDDJt4xNSj1Zn-4tGIR9QLLHnkrMhyNwXZUE82_nhnW91foswOhlrUoUvzXDhMTWiTj6VzBu8-Tb7xoHBiUjdMK-bPrN77cLh59mmM2VF_wtlNoFsc8nybbJ9BXFdpZBO3VV-OWk90SMTTx5UJd0VxsQPZvUIie70d2fmyOob37yFfmDqXcy3aGPFguGod6BhVq0OfLpHkGx49UZ8wpZarWa9aPR--3j_iwHIwZ1ymxfOofCLLaFUt5pINab7H7riJNIc_sLp_1o1vlcnNOeNSLZb9EsJzlKYDWUiiX3XcNlFEW7v7XzdF-tQoOObhSXcmye86BkVO15LvZ4BqA181Ef9BmxyOc2w-RmjBdzu3Uf9egNPhy2_XcS3tC9lmMT7QVCes68sHZrHwnVoFbKDpFKx2y_ElbmSEQ8T4lsfaP75NW7YsWHRMlmJpfgyqTMbe1ZR1VB0hx_ekFP-tuoW4GK4woNCWGsbuuea7rrJvJBXN5NMBLUkduwwhX32BZniob2gB885dfHLpsiE12-Ip8YmrtUcegq9k2JFvpbIKQBxj5uMsJPZsoDV27L1n_1i_E1eaHPQmNFkAep62jFhaM5ZbjfaIMOUSr5nlywXzR5QF2wjktwR5mX41Ootm35G09reozphf0czCLy9cizdkwzVa4jIpytg47Gmv1bL5O_IhsPJtdeemiOat2HP_jmmBLDxx1QSGVc7eOe6S-yOKea2l_DQ646eb48dJzi38HdcNNZRumFhyu270Fy01avB&p=13&fvj=0&vjs=3
29,Data Scientist / Engineer,iTexico,"Guadalajara, Jal.",None,17,2020-11-22,"General data pipeline principles, including SQL queries and table fundamentals. Apache Spark, with a special emphasis on Spark Streaming if possible.",https://mx.indeed.com/rc/clk?jk=371dbd17a3d4c393&fccid=6e545227e91bab40&vjs=3
30,Data Scientist,Page Group,Edo. de México,None,+30,2020-11-22,Únete a una de las empresas más importantes de tecnología como Data Scientist. Importante empresa dedicada a desarrollar tecnología para diferentes sectores.,https://mx.indeed.com/rc/clk?jk=66ccc481b43941ce&fccid=77087bd1709a8148&vjs=3
31,Data Analyst - Growth,Clip,Ciudad de México,None,+30,2020-11-22,"Proficient at collecting and mining data from disparate data sources, and willing to dig deeper and understand the process that creates the data.",https://mx.indeed.com/rc/clk?jk=19ba100a034d96f8&fccid=b07ed5ce0b8129ea&vjs=3
32,Desarrollador (a) Oracle SAS,Beyserin,"Colonia Santa Fe, CDMX",None,10,2020-11-22,"""Empresa de origen mexicano con presencia en México y Colombia de servicios integrales de Consultoría TI, de Negocios y Staffing"" *.",https://mx.indeed.com/company/Beyserin/jobs/Desarrollador-oracle-SAS-1262529132c408e1?fccid=660225f9276bb3f9&vjs=3
33,Staff Software Engineer - Data Engineering,Credijusto,Ciudad de México,None,+30,2020-11-22,"Prior, proven data platform or data infrastructure experience. We’re looking for data engineers who are excited to collaborate with data scientists, analysts,…",https://mx.indeed.com/rc/clk?jk=0a09decdcdc9304a&fccid=759d34c0be9113fd&vjs=3
34,Analista Data Scientist,Py AR,"San Antonio de Padua, Tamps.",None,+30,2020-11-22,"Huenei busca sumar a su equipo Analista Data Scientist para innovadores Proyectos Internacionales, con manejo de big data, base de datos no relacionales y uso…",https://mx.indeed.com/rc/clk?jk=8e495ed91d13f197&fccid=3f07a935dc8a14b0&vjs=3
35,Lead Data Engineer,LUUNA,"Miguel Hidalgo, CDMX","$70,000 - $80,000 al mes",20,2020-11-22,"You will lead a team of data/backend engineers, data scientists and business intelligence analysts from a technical standpoint. Your main tasks will be:",https://mx.indeed.com/company/Luuna/jobs/Lead-data-engineer-7e516a6c19eeb1e1?fccid=2bc48c439a84746f&vjs=3
36,Data Scientist/Predictive Sales,HP,"Guadalajara, Jal.",None,+30,2020-11-22,You are passionate about unveiling answers to most difficult questions using data and models. At least 3 years’ working experience in data science using…,https://mx.indeed.com/rc/clk?jk=b50f09509defd33b&fccid=1b866506aec22461&vjs=3
37,Head of Customer Management Credit Analytics,Konfio,"Colonia Polanco, CDMX",None,9,2020-11-22,Experience in working with data scientists in creating underwriting models. Create a testing agenda to collect data to inform future strategy.,https://mx.indeed.com/rc/clk?jk=7d887c8abe5bb339&fccid=026893d6a31257b7&vjs=3
38,Staff Software Engineer - Data Engineering - Europe,Credijusto,Ciudad de México,None,+30,2020-11-22,"Prior, proven data platform or data infrastructure experience. We're looking for data engineers who are excited to collaborate with data scientists, analysts,…",https://mx.indeed.com/rc/clk?jk=a2383c0b6ed5aaaf&fccid=759d34c0be9113fd&vjs=3
39,Reporting Cell Trainee,Thales Group,"Cuernavaca, Mor.",None,+30,2020-11-22,You will use data exploration techniques to discover new questions or opportunities within your problem area and propose applicability and limitations of the…,https://mx.indeed.com/rc/clk?jk=f0fa912960e212c8&fccid=b920aab5fd60595d&vjs=3
40,Machine Learning Engineer,Kinedu,"Monterrey, N. L.",None,+30,2020-11-22,"You will be working alongside data scientists, data analysts, product managers, back-end and front-end engineers. Experience with Hypothesis Testing projects.",https://mx.indeed.com/rc/clk?jk=09ecf513eed1ebf9&fccid=ff34fdb58b28e276&vjs=3
41,Customer Success Account Manager,Microsoft,Ciudad de México,None,19,2020-11-22,"Microsoft is on a mission to empower every person and every organization on the planet to achieve more. Our culture is centered on embracing a growth mindset, a…",https://mx.indeed.com/rc/clk?jk=006af4b0461e912f&fccid=734cb5a01ee60f80&vjs=3
42,Business Program Manager,Microsoft,Ciudad de México,None,11,2020-11-22,"Handles sensitive data while adhering to strict security and privacy rules. Meticulous with an analytical mindset, enjoys analyzing and interpreting data.",https://mx.indeed.com/rc/clk?jk=2ff71e5e8dc1fac1&fccid=734cb5a01ee60f80&vjs=3
43,Data Engineer,WIZELINE,"Querétaro, Qro.",None,+30,2020-11-22,"Design and implement data platforms for large-scale, high performance and scalable requirements, integrating data from several data sources, managing structured…",https://mx.indeed.com/rc/clk?jk=a8956380c56f6212&fccid=da33cac326f2a81b&vjs=3
44,IGNITE GRADUATE PROGRAM - Monterrey,Atos,"San Nicolás de los Garza, N. L.",None,+30,2020-11-22,"Atos is a global leader in digital transformation with over 110,000 employees in 73 countries and annual revenue of over € 11 billion.",https://mx.indeed.com/rc/clk?jk=35dc4179e99dacfc&fccid=ee6a99db163236c2&vjs=3
45,Account Executive,"Urban Science Applications, Inc.","Colonia Polanco, CDMX",None,25,2020-11-22,Demonstrated experience in effectively and accurately communicating or translating client requirements/business needs to technical staff including analytical…,https://mx.indeed.com/rc/clk?jk=83c704fc8c792720&fccid=99b71eb5132a80fd&vjs=3
46,Sales Specialist - Data & AI,Microsoft,Ciudad de México,None,10,2020-11-22,You will help our customers take advantage of our unique hybrid data platform to realize the value of digital transformation.,https://mx.indeed.com/rc/clk?jk=a0d674f45f6034b2&fccid=734cb5a01ee60f80&vjs=3
47,Data Engineer,Rackspace,Desde casa,None,+30,2020-11-22,"10 years of development experience building data pipelines. As an Engineer, you will be working on building data platforms, providing data warehouse, analytics…",https://mx.indeed.com/rc/clk?jk=b92a22c6c3c569d3&fccid=b60c9324aeb7df96&vjs=3
48,Machine Learning Engineer,KAVAK Careers,Ciudad de México,None,+30,2020-11-22,Provide guidance to other data scientists. Experience in schema design and dimensional data modeling and building data pipelines.,https://mx.indeed.com/rc/clk?jk=9791b44c3f9c4bc2&fccid=5fb7d934735a817d&vjs=3
49,Performance Manager Growth,Rappi,Ciudad de México,None,+30,2020-11-22,"We work in modern agile work-flows that integrate engineers, data scientists, business leaders and product owners to deliver specific user experiences…",https://mx.indeed.com/rc/clk?jk=b74f8d8fafed3529&fccid=72647c43dd44e6cc&vjs=3
50,Senior Product Designer,Yalochat,Desde casa,None,4,2020-11-22,"Collaborate closely with the researcher to get insights to make data-informed decisions when designing. Collaborate with product managers, engineers, data…",https://mx.indeed.com/rc/clk?jk=9d1281529d75b12a&fccid=74ac28026a73f8e4&vjs=3
51,Intellectual Property Manager,"OMYA Industries, Inc.",Desde casa,None,+30,2020-11-22,"Educate scientists, engineers, and business teams on Intellectual Property challenges and concerns. Identify what's important to own and ensure sufficiency of…",https://mx.indeed.com/rc/clk?jk=6cc35982da61cb01&fccid=130f4b91c9f53faf&vjs=3
52,Business Intelligence/Analytics Professional,Cognizant,"Ensenada, B.C.",None,+30,2020-11-22,Cognizant is always looking for top talent. We are searching for candidates to fill future needs within the business. Employee Status : Full Time Employee.,https://mx.indeed.com/rc/clk?jk=f06f59701cc2f275&fccid=2df6a1e69a70a1e7&vjs=3
53,Quantitative Geneticist: Wheat and Maize,CIMMYT,"Texcoco, Méx.",None,+30,2020-11-22,Knowledge of big data exploration. Support of the implementation of central data management tools. Three or more years of experience applying genomic data to…,https://mx.indeed.com/rc/clk?jk=779f85775197690f&fccid=284b4a920ca3c3dd&vjs=3
54,Site Reliability Engineer,Microsoft,Ciudad de México,None,4,2020-11-22,"Passion for data-driven decision making. We are a close-knit team of highly accomplished, deeply technical engineers and data scientists focused on delivering…",https://mx.indeed.com/rc/clk?jk=a2bf7ed45622868e&fccid=734cb5a01ee60f80&vjs=3
55,Module Lead for Breeding Process and Management,CIMMYT,"Texcoco, Méx.",None,+30,2020-11-22,"Product Profiles are based on market intelligence and data, reflecting what drives variety adoption and characteristics which can be translated to quantitative…",https://mx.indeed.com/rc/clk?jk=ca5181aecc797d93&fccid=284b4a920ca3c3dd&vjs=3
56,Data Scientist,Tiempo Development,"Monterrey, N. L.",None,+30,2020-11-22,"Experience with feature selection and dataset scoping for individual data science use cases by using SQL to query large relational databases, such as SQL Server…",https://mx.indeed.com/rc/clk?jk=66c4a21266f0ef7e&fccid=5528800ef85480c6&vjs=3
57,Identity Resolution Analyst,"Verato, Inc.","Mérida, Yuc.",None,23,2020-11-22,Perform data analysis on client data to derive meaningful and actionable insights. Establish and maintain proper methods of data orchestration and data staging…,https://mx.indeed.com/rc/clk?jk=f833201f0142c84e&fccid=c0a688beb8a7cf69&vjs=3
58,Data Scientist - AWS Professional Services,Amazon Web Services Mexico,Ciudad de México,None,+30,2020-11-22,Previous experience in a ML or data scientist role and a track record of building ML or DL models. Familiarity with using data visualization tools.,https://mx.indeed.com/rc/clk?jk=37c6e23fcf931bc8&fccid=fe2d21eef233e94a&vjs=3
59,Data Analyst,Cubic Corporation,"Tijuana, B.C.",None,18,2020-11-22,"Build process supporting data transformation, data structures, metadata, dependencies and workload management. Validate and quality control produced data sets.",https://mx.indeed.com/rc/clk?jk=dbcbdc2abcbea625&fccid=21df030fae150acc&vjs=3
60,DATA ENGINEER,Consiss,"Monterrey, N. L.","$25,000 al mes",11,2020-11-22,"SAP data services, azure data factory, databrick y DevOps: 4 años (Requisito deseable). _En Consiss innovation labs somos socio estratégico de muchas empresas…",https://mx.indeed.com/company/CONSISS/jobs/Data-engineer-ca0db283569b35e1?fccid=5ce603ebd73e9ac4&vjs=3
61,DATA ENGINEER / SCIENTIST SCALA Y SPARK,Tigerteam,"Guadalajara, Jal.",None,+30,2020-11-22,IMPORTANTE CONSULTORA DE TI SE ENCUENTRA EN BÚSQUEDA DE UN…. DATA ENGINEER / SCIENTIST SCALA Y SPARK. Horario: Lunes a Viernes 09:00 a 18:00 horas.,https://mx.indeed.com/rc/clk?jk=885c09436c81c53a&fccid=942c4ec626ccb63b&vjs=3
62,Data Science Embedded Software Engineer Intermediate (Computer Vision),Bosch Group,"Guadalajara, Jal.",None,+30,2020-11-22,"Take responsibility for preparing data for analysis, and provide critical feedback on issues of data integrity. Write clear, maintainable and tested code.",https://mx.indeed.com/rc/clk?jk=14f84b8d84b20545&fccid=a2faf1301ac6ad4b&vjs=3
63,Sr. Director – Visa Consulting & Analytics,Visa,Ciudad de México,None,4,2020-11-22,Manage a team of 6-8 consultants & data scientists. The role requires strong leadership skills to manage a high performance team of consultants and data…,https://mx.indeed.com/rc/clk?jk=9500dd1feb6ce7e0&fccid=a3f737e511d9fc8c&vjs=3
64,Data Engineer,CodersLink,"Querétaro, Qro.",None,+30,2020-11-22,"Design and implement data platforms for large-scale, high performance and scalable requirements, integrating data from several data sources, managing structured…",https://mx.indeed.com/rc/clk?jk=eaac3d2d3d5f8817&fccid=942c4ec626ccb63b&vjs=3
65,Channel Sales Manager - The Carolinas,Verkada,"Las Carolinas, Dgo.",None,6,2020-11-22,"Behind the scenes, we’re a team of computer scientists, hardware engineers and experienced founders who saw a chance to make a real impact.",https://mx.indeed.com/rc/clk?jk=961c55ab3445227d&fccid=17b2ec97e4ece7cf&vjs=3
66,Fullstack Developer,Oyster Financial Inc,Ciudad de México,None,+30,2020-11-22,Design and implementation of cloud-based solutions to integrate different data sources. Develop and support data-driven product decisions in a high energy high…,https://mx.indeed.com/rc/clk?jk=ac9242f5881aa96b&fccid=c83a5e5b1cd50458&vjs=3
67,Senior Engineer,ASPENTECH,"Cuauhtémoc, CDMX",None,+30,2020-11-22,"AspenTech is looking for a Senior Engineer to join our Manufacturing and Supply Chain group, building the next generation of Production Optimization solutions…",https://mx.indeed.com/rc/clk?jk=58f16bcf7225c1cf&fccid=942c4ec626ccb63b&vjs=3
68,Senior Market Strategist for Steering Breeding Product Profile Designs,CIMMYT,"Texcoco, Méx.",None,+30,2020-11-22,"Results focused and pragmatic approach to multidimensional data assimilation. Experience in collection, analyses and interpretation of market intelligence data;…",https://mx.indeed.com/rc/clk?jk=94f84f0c444935e5&fccid=284b4a920ca3c3dd&vjs=3
69,Senior Data Engineer,Kueski,Desde casa,None,12,2020-11-22,+3 years of experience with large-scale data engineering. Transport data reliably across all our systems and users for analytical purposes.,https://mx.indeed.com/rc/clk?jk=c3eaeff7b6fd0f8a&fccid=69404b4fd1d4bb12&vjs=3
70,Quality Assurance Analyst,PerkinElmer,Ciudad de México,None,+30,2020-11-22,Strong data analysis skills and proficiency in electronic data management systems. Provide data regarding quality performance analysis and reporting for…,https://mx.indeed.com/rc/clk?jk=8da448b31169c1e4&fccid=dedb01f1a81e63e6&vjs=3
71,ANALISTA DE BASES DE DATOS RELACIONES SR,Tigerteam,"Cuajimalpa, CDMX",None,+30,2020-11-22,IMPORTANTE CONSULTORA DE TI SE ENCUENTRA EN BÚSQUEDA DE UN…. ANALISTA DE BASES DE DATOS RELACIONALES SR. Horario: Lunes a Viernes 09:00 a 18:00 horas.,https://mx.indeed.com/rc/clk?jk=702f940e5cf395ed&fccid=942c4ec626ccb63b&vjs=3
72,Senior Developer LATAM,Simple [A],"Colonia Florida, CDMX",None,+30,2020-11-22,"We are content engineers, analysts, programmers, developers, architects, content strategists, strategic consultants, data scientists, producers, marketers,…",https://mx.indeed.com/rc/clk?jk=60af82da81d628f3&fccid=d271b8ad811e9a70&vjs=3
73,ANALISTA PROGRAMADOR,Tigerteam,"Cuajimalpa, CDMX",None,+30,2020-11-22,IMPORTANTE CONSULTORA DE TI SE ENCUENTRA EN BÚSQUEDA DE UN…. Horario: Lunes a Viernes 09:00 a 18:00 horas. Contrato por Proyecto de 6 meses.,https://mx.indeed.com/rc/clk?jk=18dbc6efb347a7ec&fccid=942c4ec626ccb63b&vjs=3
74,Business Insights Analyst,TaskUs,"Tijuana, B.C.",None,19,2020-11-22,"Passionate about technology start-ups and driving innovation with data! On the basis of this data, you will articulate key insights and best practices, provide…",https://mx.indeed.com/rc/clk?jk=b24921427163565c&fccid=e400e5c3cec6a031&vjs=3
75,Python Developer (Contract),TrailStone Group,"Monterrey, N. L.",None,16,2020-11-22,"Work in a cross-functional team with engineers, business analysts, traders and data scientists. Our team of traders, meteorologists, software engineers, risk…",https://mx.indeed.com/rc/clk?jk=5bcc643dc75555ac&fccid=1684d3322a4331bc&vjs=3
76,Full Stack Engineer - Java,Nearsoft,"Monterrey, N. L.",None,10,2020-11-22,Excellent knowledge of algorithms and data structures. You’ll be working across multiple teams from platform engineers to designers and data scientists to…,https://mx.indeed.com/company/Nearsoft/jobs/Full-stack-engineer-042a4fb89b8ecd0a?fccid=0675f07a2f1a5377&vjs=3
77,Sr DevOps Engineer - Big data project,Truelogic Software,Ciudad de México,None,26,2020-11-22,"Join an exciting new team as a Sr DevOps Engineer, working to set up an ambitious Big Data project that will allow data scientists to gain insights on…",https://mx.indeed.com/rc/clk?jk=d10aa38f3970fe20&fccid=e0d3c38393df6dda&vjs=3
78,Portfolio Analytics - Fintech,Confidencial,Ciudad de México,None,3,2020-11-22,"Working with our data scientists and collections agencies, you will play a key role in developing decisioning tools to inform our credit risk management…",https://mx.indeed.com/rc/clk?jk=346385ceee2ad05d&fccid=dd616958bd9ddc12&vjs=3
79,Lead Product Designer,Kueski,"Guadalajara, Jal.",None,10,2020-11-22,"Ability to balance business needs, data metrics, and UX. Appetite for validating ideas by running research and interpreting qualitative and quantitative data.",https://mx.indeed.com/rc/clk?jk=77bd497b9d03b03a&fccid=69404b4fd1d4bb12&vjs=3
80,Analista de Mercados Senior,ABA Finance,"Tijuana, B.C.",None,17,2020-11-22,Your contribution to our team will focus on market research by implementing marketing automation technology through various platforms to enable data-driven…,https://mx.indeed.com/rc/clk?jk=27b6f635e80b1dc2&fccid=258690ed7e7c7c9c&vjs=3
81,Principal Software Service Engineer,PerkinElmer,Ciudad de México,None,4,2020-11-22,Build clinical data interfacing capabilities into LifeCycle and in-turn implement Lampi to gather clinical data in addition to system data.,https://mx.indeed.com/rc/clk?jk=84859a812bf18c7b&fccid=dedb01f1a81e63e6&vjs=3
82,Global Solutions - Beast Developer,Kantar TNS,Ciudad de México,None,+30,2020-11-22,"1+ years’ experience in data science or statistics. Kantar is the world’s leading data, insights and consulting company. Experience with developing R packages.",https://mx.indeed.com/rc/clk?jk=e15de860cbe98430&fccid=fc0eeff012676923&vjs=3
83,Data Engineer,Reclu IT,"Guadalajara, Jal.",None,+30,2020-11-22,"Design and implement data platforms for large-scale, high performance and scalable requirements, integrating data from several data sources, managing structured…",https://mx.indeed.com/rc/clk?jk=eedf4c0d7d72bed7&fccid=bf5ef8d125c5c894&vjs=3
84,Global Solutions - Beast Developer,KANTAR,Ciudad de México,None,+30,2020-11-22,"1+ years’ experience in data science or statistics. Kantar is the world’s leading data, insights and consulting company. Experience with developing R packages.",https://mx.indeed.com/rc/clk?jk=5fc7b6e00ec2279e&fccid=fc0eeff012676923&vjs=3
85,iOS Developer,Oyster Financial Inc,Ciudad de México,None,+30,2020-11-22,"Experts from many disciplines come together to deliver phenomenal results: marketers, designers, engineers, scientists, mathematicians, you name it.",https://mx.indeed.com/rc/clk?jk=582071bd19d02fa0&fccid=c83a5e5b1cd50458&vjs=3
86,Cloud Solution Architect,Microsoft,Ciudad de México,None,5,2020-11-22,Microsoft is on a mission to empower every person and every organization on the planet to achieve more. Our culture is centered on embracing.,https://mx.indeed.com/rc/clk?jk=7d738228f4d13ca2&fccid=734cb5a01ee60f80&vjs=3
87,Senior Site Reliability Engineer,Urbint,Ciudad de México,None,+30,2020-11-22,"We are a tight-knit team of coders, data scientists, infrastructure experts, entrepreneurs, and creatives working together to create and deliver cutting-edge…",https://mx.indeed.com/rc/clk?jk=a1996624f8f312f1&fccid=880c5736f444fdfd&vjs=3
88,Senior Engineer,Aspen Technology,Ciudad de México,None,24,2020-11-22,"The driving force behind our success has always been the people of AspenTech. What drives us, is our aspiration, our desire and ambition to keep pushing the…",https://mx.indeed.com/rc/clk?jk=f5be61b6ff7ed0e9&fccid=b3fc015a7c99e39b&vjs=3
89,Senior Data Engineer,StartupGDL,"Guadalajara, Jal.",None,+30,2020-11-22,"You will work with data scientists, product management, and customer success teams to understand data requirements. Passion for tackling big data challenges.",https://mx.indeed.com/rc/clk?jk=575c7c14bf03daaf&fccid=942c4ec626ccb63b&vjs=3
90,Senior Software Developer,Aspen Technology,Ciudad de México,None,24,2020-11-22,"The driving force behind our success has always been the people of AspenTech. What drives us, is our aspiration, our desire and ambition to keep pushing the…",https://mx.indeed.com/rc/clk?jk=e0dcf82ec9b7eb2c&fccid=b3fc015a7c99e39b&vjs=3
91,Database Analyst III,Jabil,"Guadalajara, Jal.",None,+30,2020-11-22,"Hands on experience with BIG data processing, clean, transform and prepare data. Demonstrable technical experience in BIG data analytics.",https://mx.indeed.com/rc/clk?jk=b8c23301136f0e24&fccid=0b46d1863c3b0bf5&vjs=3
92,Sr DevOps Engineer - Big data project,Truelogic Software,Ciudad de México,None,26,2020-11-22,"Join an exciting new team as a Sr DevOps Engineer, working to set up an ambitious Big Data project that will allow data scientists to gain insights on…",https://mx.indeed.com/rc/clk?jk=d10aa38f3970fe20&fccid=e0d3c38393df6dda&vjs=3
93,Portfolio Analytics - Fintech,Confidencial,Ciudad de México,None,3,2020-11-22,"Working with our data scientists and collections agencies, you will play a key role in developing decisioning tools to inform our credit risk management…",https://mx.indeed.com/rc/clk?jk=346385ceee2ad05d&fccid=dd616958bd9ddc12&vjs=3
94,Lead Product Designer,Kueski,"Guadalajara, Jal.",None,10,2020-11-22,"Ability to balance business needs, data metrics, and UX. Appetite for validating ideas by running research and interpreting qualitative and quantitative data.",https://mx.indeed.com/rc/clk?jk=77bd497b9d03b03a&fccid=69404b4fd1d4bb12&vjs=3
95,Analista de Mercados Senior,ABA Finance,"Tijuana, B.C.",None,17,2020-11-22,Your contribution to our team will focus on market research by implementing marketing automation technology through various platforms to enable data-driven…,https://mx.indeed.com/rc/clk?jk=27b6f635e80b1dc2&fccid=258690ed7e7c7c9c&vjs=3
96,Principal Software Service Engineer,PerkinElmer,Ciudad de México,None,4,2020-11-22,Build clinical data interfacing capabilities into LifeCycle and in-turn implement Lampi to gather clinical data in addition to system data.,https://mx.indeed.com/rc/clk?jk=84859a812bf18c7b&fccid=dedb01f1a81e63e6&vjs=3
97,Global Solutions - Beast Developer,Kantar TNS,Ciudad de México,None,+30,2020-11-22,"1+ years’ experience in data science or statistics. Kantar is the world’s leading data, insights and consulting company. Experience with developing R packages.",https://mx.indeed.com/rc/clk?jk=e15de860cbe98430&fccid=fc0eeff012676923&vjs=3
98,Data Engineer,Reclu IT,"Guadalajara, Jal.",None,+30,2020-11-22,"Design and implement data platforms for large-scale, high performance and scalable requirements, integrating data from several data sources, managing structured…",https://mx.indeed.com/rc/clk?jk=eedf4c0d7d72bed7&fccid=bf5ef8d125c5c894&vjs=3
99,Global Solutions - Beast Developer,KANTAR,Ciudad de México,None,+30,2020-11-22,"1+ years’ experience in data science or statistics. Kantar is the world’s leading data, insights and consulting company. Experience with developing R packages.",https://mx.indeed.com/rc/clk?jk=5fc7b6e00ec2279e&fccid=fc0eeff012676923&vjs=3
100,iOS Developer,Oyster Financial Inc,Ciudad de México,None,+30,2020-11-22,"Experts from many disciplines come together to deliver phenomenal results: marketers, designers, engineers, scientists, mathematicians, you name it.",https://mx.indeed.com/rc/clk?jk=582071bd19d02fa0&fccid=c83a5e5b1cd50458&vjs=3
101,Cloud Solution Architect,Microsoft,Ciudad de México,None,5,2020-11-22,Microsoft is on a mission to empower every person and every organization on the planet to achieve more. Our culture is centered on embracing.,https://mx.indeed.com/rc/clk?jk=7d738228f4d13ca2&fccid=734cb5a01ee60f80&vjs=3
102,Senior Site Reliability Engineer,Urbint,Ciudad de México,None,+30,2020-11-22,"We are a tight-knit team of coders, data scientists, infrastructure experts, entrepreneurs, and creatives working together to create and deliver cutting-edge…",https://mx.indeed.com/rc/clk?jk=a1996624f8f312f1&fccid=880c5736f444fdfd&vjs=3
103,Senior Engineer,Aspen Technology,Ciudad de México,None,24,2020-11-22,"The driving force behind our success has always been the people of AspenTech. What drives us, is our aspiration, our desire and ambition to keep pushing the…",https://mx.indeed.com/rc/clk?jk=f5be61b6ff7ed0e9&fccid=b3fc015a7c99e39b&vjs=3
104,Senior Data Engineer,StartupGDL,"Guadalajara, Jal.",None,+30,2020-11-22,"You will work with data scientists, product management, and customer success teams to understand data requirements. Passion for tackling big data challenges.",https://mx.indeed.com/rc/clk?jk=575c7c14bf03daaf&fccid=942c4ec626ccb63b&vjs=3
105,Senior Software Developer,Aspen Technology,Ciudad de México,None,24,2020-11-22,"The driving force behind our success has always been the people of AspenTech. What drives us, is our aspiration, our desire and ambition to keep pushing the…",https://mx.indeed.com/rc/clk?jk=e0dcf82ec9b7eb2c&fccid=b3fc015a7c99e39b&vjs=3
106,Database Analyst III,Jabil,"Guadalajara, Jal.",None,+30,2020-11-22,"Hands on experience with BIG data processing, clean, transform and prepare data. Demonstrable technical experience in BIG data analytics.",https://mx.indeed.com/rc/clk?jk=b8c23301136f0e24&fccid=0b46d1863c3b0bf5&vjs=3
107,Sr DevOps Engineer - Big data project,Truelogic Software,Ciudad de México,None,26,2020-11-22,"Join an exciting new team as a Sr DevOps Engineer, working to set up an ambitious Big Data project that will allow data scientists to gain insights on…",https://mx.indeed.com/rc/clk?jk=d10aa38f3970fe20&fccid=e0d3c38393df6dda&vjs=3
108,Portfolio Analytics - Fintech,Confidencial,Ciudad de México,None,3,2020-11-22,"Working with our data scientists and collections agencies, you will play a key role in developing decisioning tools to inform our credit risk management…",https://mx.indeed.com/rc/clk?jk=346385ceee2ad05d&fccid=dd616958bd9ddc12&vjs=3
109,Lead Product Designer,Kueski,"Guadalajara, Jal.",None,10,2020-11-22,"Ability to balance business needs, data metrics, and UX. Appetite for validating ideas by running research and interpreting qualitative and quantitative data.",https://mx.indeed.com/rc/clk?jk=77bd497b9d03b03a&fccid=69404b4fd1d4bb12&vjs=3
110,Analista de Mercados Senior,ABA Finance,"Tijuana, B.C.",None,17,2020-11-22,Your contribution to our team will focus on market research by implementing marketing automation technology through various platforms to enable data-driven…,https://mx.indeed.com/rc/clk?jk=27b6f635e80b1dc2&fccid=258690ed7e7c7c9c&vjs=3
111,Principal Software Service Engineer,PerkinElmer,Ciudad de México,None,4,2020-11-22,Build clinical data interfacing capabilities into LifeCycle and in-turn implement Lampi to gather clinical data in addition to system data.,https://mx.indeed.com/rc/clk?jk=84859a812bf18c7b&fccid=dedb01f1a81e63e6&vjs=3
112,Global Solutions - Beast Developer,Kantar TNS,Ciudad de México,None,+30,2020-11-22,"1+ years’ experience in data science or statistics. Kantar is the world’s leading data, insights and consulting company. Experience with developing R packages.",https://mx.indeed.com/rc/clk?jk=e15de860cbe98430&fccid=fc0eeff012676923&vjs=3
113,Data Engineer,Reclu IT,"Guadalajara, Jal.",None,+30,2020-11-22,"Design and implement data platforms for large-scale, high performance and scalable requirements, integrating data from several data sources, managing structured…",https://mx.indeed.com/rc/clk?jk=eedf4c0d7d72bed7&fccid=bf5ef8d125c5c894&vjs=3
114,Global Solutions - Beast Developer,KANTAR,Ciudad de México,None,+30,2020-11-22,"1+ years’ experience in data science or statistics. Kantar is the world’s leading data, insights and consulting company. Experience with developing R packages.",https://mx.indeed.com/rc/clk?jk=5fc7b6e00ec2279e&fccid=fc0eeff012676923&vjs=3
115,iOS Developer,Oyster Financial Inc,Ciudad de México,None,+30,2020-11-22,"Experts from many disciplines come together to deliver phenomenal results: marketers, designers, engineers, scientists, mathematicians, you name it.",https://mx.indeed.com/rc/clk?jk=582071bd19d02fa0&fccid=c83a5e5b1cd50458&vjs=3
116,Cloud Solution Architect,Microsoft,Ciudad de México,None,5,2020-11-22,Microsoft is on a mission to empower every person and every organization on the planet to achieve more. Our culture is centered on embracing.,https://mx.indeed.com/rc/clk?jk=7d738228f4d13ca2&fccid=734cb5a01ee60f80&vjs=3
117,Senior Site Reliability Engineer,Urbint,Ciudad de México,None,+30,2020-11-22,"We are a tight-knit team of coders, data scientists, infrastructure experts, entrepreneurs, and creatives working together to create and deliver cutting-edge…",https://mx.indeed.com/rc/clk?jk=a1996624f8f312f1&fccid=880c5736f444fdfd&vjs=3
118,Senior Engineer,Aspen Technology,Ciudad de México,None,24,2020-11-22,"The driving force behind our success has always been the people of AspenTech. What drives us, is our aspiration, our desire and ambition to keep pushing the…",https://mx.indeed.com/rc/clk?jk=f5be61b6ff7ed0e9&fccid=b3fc015a7c99e39b&vjs=3
119,Senior Data Engineer,StartupGDL,"Guadalajara, Jal.",None,+30,2020-11-22,"You will work with data scientists, product management, and customer success teams to understand data requirements. Passion for tackling big data challenges.",https://mx.indeed.com/rc/clk?jk=575c7c14bf03daaf&fccid=942c4ec626ccb63b&vjs=3
120,Senior Software Developer,Aspen Technology,Ciudad de México,None,24,2020-11-22,"The driving force behind our success has always been the people of AspenTech. What drives us, is our aspiration, our desire and ambition to keep pushing the…",https://mx.indeed.com/rc/clk?jk=e0dcf82ec9b7eb2c&fccid=b3fc015a7c99e39b&vjs=3
121,Database Analyst III,Jabil,"Guadalajara, Jal.",None,+30,2020-11-22,"Hands on experience with BIG data processing, clean, transform and prepare data. Demonstrable technical experience in BIG data analytics.",https://mx.indeed.com/rc/clk?jk=b8c23301136f0e24&fccid=0b46d1863c3b0bf5&vjs=3
